"trailer_id","gross_weight","chassis_mass","body_mass","empty_mass","length","axles","volume","body_type","chain_type","countries","mass_ratio"
"trailer_def.scs.box.bdouble_2_2.curtain","53000","11720","0","11720","22.7","4","137","curtainside","b_double","denmark, finland, germany, netherlands, norway, portugal, spain, sweden","0.33, 0.67"
"trailer_def.scs.box.bdouble_2_2.dryvan","53000","11720","2250","13970","22.7","4","137","dryvan","b_double","denmark, finland, germany, netherlands, norway, portugal, spain, sweden","0.33, 0.67"
"trailer_def.scs.box.bdouble_2_2.dryvan_m","53000","11720","2700","14420","22.7","4","137","dryvan","b_double","denmark, finland, germany, netherlands, norway, portugal, spain, sweden","0.33, 0.67"
"trailer_def.scs.box.bdouble_2_2.dryvan_s","53000","11720","2250","13970","22.7","4","137","dryvan","b_double","denmark, finland, germany, netherlands, norway, portugal, spain, sweden","0.33, 0.67"
"trailer_def.scs.box.bdouble_2_2.insulated","53000","11720","2250","13970","22.7","4","137","insulated","b_double","denmark, finland, germany, netherlands, norway, portugal, spain, sweden","0.33, 0.67"
"trailer_def.scs.box.bdouble_2_2.insulated_s","53000","11720","2250","13970","22.7","4","137","insulated","b_double","denmark, finland, germany, netherlands, norway, portugal, spain, sweden","0.33, 0.67"
"trailer_def.scs.box.bdouble_2_2.reefer","53000","11720","3300","15020","22.7","4","137","refrigerated","b_double","denmark, finland, germany, netherlands, norway, portugal, spain, sweden","0.33, 0.67"
"trailer_def.scs.box.bdouble_2_2.reefer_s","53000","11720","3300","15020","22.7","4","137","refrigerated","b_double","denmark, finland, germany, netherlands, norway, portugal, spain, sweden","0.33, 0.67"
"trailer_def.scs.box.bdouble_2_2a.curtain","53000","11720","0","11720","22.7","4","137","curtainside","b_double","denmark, finland, germany, netherlands, norway, portugal, spain, sweden","0.33, 0.67"
"trailer_def.scs.box.bdouble_2_2a.dryvan","53000","11720","2250","13970","22.7","4","137","dryvan","b_double","denmark, finland, germany, netherlands, norway, portugal, spain, sweden","0.33, 0.67"
"trailer_def.scs.box.bdouble_2_2a.dryvan_m","53000","11720","2700","14420","22.7","4","137","dryvan","b_double","denmark, finland, germany, netherlands, norway, portugal, spain, sweden","0.33, 0.67"
"trailer_def.scs.box.bdouble_2_2a.dryvan_s","53000","11720","2250","13970","22.7","4","137","dryvan","b_double","denmark, finland, germany, netherlands, norway, portugal, spain, sweden","0.33, 0.67"
"trailer_def.scs.box.bdouble_2_2a.insulated","53000","11720","2250","13970","22.7","4","137","insulated","b_double","denmark, finland, germany, netherlands, norway, portugal, spain, sweden","0.33, 0.67"
"trailer_def.scs.box.bdouble_2_2a.insulated_s","53000","11720","2250","13970","22.7","4","137","insulated","b_double","denmark, finland, germany, netherlands, norway, portugal, spain, sweden","0.33, 0.67"
"trailer_def.scs.box.bdouble_2_2a.reefer","53000","11720","3300","15020","22.7","4","137","refrigerated","b_double","denmark, finland, germany, netherlands, norway, portugal, spain, sweden","0.33, 0.67"
"trailer_def.scs.box.bdouble_2_2a.reefer_s","53000","11720","3300","15020","22.7","4","137","refrigerated","b_double","denmark, finland, germany, netherlands, norway, portugal, spain, sweden","0.33, 0.67"
"trailer_def.scs.box.bdouble_3_3.curtain","65000","12320","0","12320","22.7","6","137","curtainside","b_double","denmark, finland, germany, netherlands, norway, portugal, spain, sweden","0.33, 0.67"
"trailer_def.scs.box.bdouble_3_3.dryvan","65000","12320","2250","14570","22.7","6","137","dryvan","b_double","denmark, finland, germany, netherlands, norway, portugal, spain, sweden","0.33, 0.67"
"trailer_def.scs.box.bdouble_3_3.dryvan_m","65000","12320","2700","15020","22.7","6","137","dryvan","b_double","denmark, finland, germany, netherlands, norway, portugal, spain, sweden","0.33, 0.67"
"trailer_def.scs.box.bdouble_3_3.dryvan_s","65000","12320","2250","14570","22.7","6","137","dryvan","b_double","denmark, finland, germany, netherlands, norway, portugal, spain, sweden","0.33, 0.67"
"trailer_def.scs.box.bdouble_3_3.insulated","65000","12320","2250","14570","22.7","6","137","insulated","b_double","denmark, finland, germany, netherlands, norway, portugal, spain, sweden","0.33, 0.67"
"trailer_def.scs.box.bdouble_3_3.insulated_s","65000","12320","2250","14570","22.7","6","137","insulated","b_double","denmark, finland, germany, netherlands, norway, portugal, spain, sweden","0.33, 0.67"
"trailer_def.scs.box.bdouble_3_3.reefer","65000","12320","3300","15620","22.7","6","137","refrigerated","b_double","denmark, finland, germany, netherlands, norway, portugal, spain, sweden","0.33, 0.67"
"trailer_def.scs.box.bdouble_3_3.reefer_s","65000","12320","3300","15620","22.7","6","137","refrigerated","b_double","denmark, finland, germany, netherlands, norway, portugal, spain, sweden","0.33, 0.67"
"trailer_def.scs.box.bdouble_3_3s.curtain","65000","12320","0","12320","22.7","6","137","curtainside","b_double","denmark, finland, germany, netherlands, norway, portugal, spain, sweden","0.33, 0.67"
"trailer_def.scs.box.bdouble_3_3s.dryvan","65000","12320","2250","14570","22.7","6","137","dryvan","b_double","denmark, finland, germany, netherlands, norway, portugal, spain, sweden","0.33, 0.67"
"trailer_def.scs.box.bdouble_3_3s.dryvan_m","65000","12320","2700","15020","22.7","6","137","dryvan","b_double","denmark, finland, germany, netherlands, norway, portugal, spain, sweden","0.33, 0.67"
"trailer_def.scs.box.bdouble_3_3s.dryvan_s","65000","12320","2250","14570","22.7","6","137","dryvan","b_double","denmark, finland, germany, netherlands, norway, portugal, spain, sweden","0.33, 0.67"
"trailer_def.scs.box.bdouble_3_3s.insulated","65000","12320","2250","14570","22.7","6","137","insulated","b_double","denmark, finland, germany, netherlands, norway, portugal, spain, sweden","0.33, 0.67"
"trailer_def.scs.box.bdouble_3_3s.insulated_s","65000","12320","2250","14570","22.7","6","137","insulated","b_double","denmark, finland, germany, netherlands, norway, portugal, spain, sweden","0.33, 0.67"
"trailer_def.scs.box.bdouble_3_3s.reefer","65000","12320","3300","15620","22.7","6","137","refrigerated","b_double","denmark, finland, germany, netherlands, norway, portugal, spain, sweden","0.33, 0.67"
"trailer_def.scs.box.bdouble_3_3s.reefer_s","65000","12320","3300","15620","22.7","6","137","refrigerated","b_double","denmark, finland, germany, netherlands, norway, portugal, spain, sweden","0.33, 0.67"
"trailer_def.scs.box.double_3_1.curtain","45000","10790","0","10790","22.7","4","137","curtainside","double","denmark, finland, germany, netherlands, norway, portugal, spain, sweden","0.67, 0.33"
"trailer_def.scs.box.double_3_1.dryvan","45000","10790","2250","13040","22.7","4","137","dryvan","double","denmark, finland, germany, netherlands, norway, portugal, spain, sweden","0.67, 0.33"
"trailer_def.scs.box.double_3_1.dryvan_m","45000","10790","2700","13490","22.7","4","137","dryvan","double","denmark, finland, germany, netherlands, norway, portugal, spain, sweden","0.67, 0.33"
"trailer_def.scs.box.double_3_1.dryvan_s","45000","10790","2250","13040","22.7","4","137","dryvan","double","denmark, finland, germany, netherlands, norway, portugal, spain, sweden","0.67, 0.33"
"trailer_def.scs.box.double_3_1.insulated","45000","10790","2250","13040","22.7","4","137","insulated","double","denmark, finland, germany, netherlands, norway, portugal, spain, sweden","0.67, 0.33"
"trailer_def.scs.box.double_3_1.insulated_s","45000","10790","2250","13040","22.7","4","137","insulated","double","denmark, finland, germany, netherlands, norway, portugal, spain, sweden","0.67, 0.33"
"trailer_def.scs.box.double_3_1.reefer","45000","10790","3300","14090","22.7","4","137","refrigerated","double","denmark, finland, germany, netherlands, norway, portugal, spain, sweden","0.67, 0.33"
"trailer_def.scs.box.double_3_1.reefer_s","45000","10790","3300","14090","22.7","4","137","refrigerated","double","denmark, finland, germany, netherlands, norway, portugal, spain, sweden","0.67, 0.33"
"trailer_def.scs.box.double_3_2.curtain","55000","11090","0","11090","22.7","5","137","curtainside","double","denmark, finland, germany, netherlands, norway, portugal, spain, sweden","0.67, 0.33"
"trailer_def.scs.box.double_3_2.dryvan","55000","11090","2250","13340","22.7","5","137","dryvan","double","denmark, finland, germany, netherlands, norway, portugal, spain, sweden","0.67, 0.33"
"trailer_def.scs.box.double_3_2.dryvan_m","55000","11090","2700","13790","22.7","5","137","dryvan","double","denmark, finland, germany, netherlands, norway, portugal, spain, sweden","0.67, 0.33"
"trailer_def.scs.box.double_3_2.dryvan_s","55000","11090","2250","13340","22.7","5","137","dryvan","double","denmark, finland, germany, netherlands, norway, portugal, spain, sweden","0.67, 0.33"
"trailer_def.scs.box.double_3_2.insulated","55000","11090","2250","13340","22.7","5","137","insulated","double","denmark, finland, germany, netherlands, norway, portugal, spain, sweden","0.67, 0.33"
"trailer_def.scs.box.double_3_2.insulated_s","55000","11090","2250","13340","22.7","5","137","insulated","double","denmark, finland, germany, netherlands, norway, portugal, spain, sweden","0.67, 0.33"
"trailer_def.scs.box.double_3_2.reefer","55000","11090","3300","14390","22.7","5","137","refrigerated","double","denmark, finland, germany, netherlands, norway, portugal, spain, sweden","0.67, 0.33"
"trailer_def.scs.box.double_3_2.reefer_s","55000","11090","3300","14390","22.7","5","137","refrigerated","double","denmark, finland, germany, netherlands, norway, portugal, spain, sweden","0.67, 0.33"
"trailer_def.scs.box.double_3_2a.curtain","55000","11090","0","11090","22.7","5","137","curtainside","double","denmark, finland, germany, netherlands, norway, portugal, spain, sweden","0.67, 0.33"
"trailer_def.scs.box.double_3_2a.dryvan","55000","11090","2250","13340","22.7","5","137","dryvan","double","denmark, finland, germany, netherlands, norway, portugal, spain, sweden","0.67, 0.33"
"trailer_def.scs.box.double_3_2a.dryvan_m","55000","11090","2700","13790","22.7","5","137","dryvan","double","denmark, finland, germany, netherlands, norway, portugal, spain, sweden","0.67, 0.33"
"trailer_def.scs.box.double_3_2a.dryvan_s","55000","11090","2250","13340","22.7","5","137","dryvan","double","denmark, finland, germany, netherlands, norway, portugal, spain, sweden","0.67, 0.33"
"trailer_def.scs.box.double_3_2a.insulated","55000","11090","2250","13340","22.7","5","137","insulated","double","denmark, finland, germany, netherlands, norway, portugal, spain, sweden","0.67, 0.33"
"trailer_def.scs.box.double_3_2a.insulated_s","55000","11090","2250","13340","22.7","5","137","insulated","double","denmark, finland, germany, netherlands, norway, portugal, spain, sweden","0.67, 0.33"
"trailer_def.scs.box.double_3_2a.reefer","55000","11090","3300","14390","22.7","5","137","refrigerated","double","denmark, finland, germany, netherlands, norway, portugal, spain, sweden","0.67, 0.33"
"trailer_def.scs.box.double_3_2a.reefer_s","55000","11090","3300","14390","22.7","5","137","refrigerated","double","denmark, finland, germany, netherlands, norway, portugal, spain, sweden","0.67, 0.33"
"trailer_def.scs.box.double_3_3.curtain","63000","11290","0","11290","22.7","6","137","curtainside","double","denmark, finland, germany, netherlands, norway, portugal, spain, sweden","0.67, 0.33"
"trailer_def.scs.box.double_3_3.dryvan","63000","11290","2250","13540","22.7","6","137","dryvan","double","denmark, finland, germany, netherlands, norway, portugal, spain, sweden","0.67, 0.33"
"trailer_def.scs.box.double_3_3.dryvan_m","63000","11290","2700","13990","22.7","6","137","dryvan","double","denmark, finland, germany, netherlands, norway, portugal, spain, sweden","0.67, 0.33"
"trailer_def.scs.box.double_3_3.dryvan_s","63000","11290","2250","13540","22.7","6","137","dryvan","double","denmark, finland, germany, netherlands, norway, portugal, spain, sweden","0.67, 0.33"
"trailer_def.scs.box.double_3_3.insulated","63000","11290","2250","13540","22.7","6","137","insulated","double","denmark, finland, germany, netherlands, norway, portugal, spain, sweden","0.67, 0.33"
"trailer_def.scs.box.double_3_3.insulated_s","63000","11290","2250","13540","22.7","6","137","insulated","double","denmark, finland, germany, netherlands, norway, portugal, spain, sweden","0.67, 0.33"
"trailer_def.scs.box.double_3_3.reefer","63000","11290","3300","14590","22.7","6","137","refrigerated","double","denmark, finland, germany, netherlands, norway, portugal, spain, sweden","0.67, 0.33"
"trailer_def.scs.box.double_3_3.reefer_s","63000","11290","3300","14590","22.7","6","137","refrigerated","double","denmark, finland, germany, netherlands, norway, portugal, spain, sweden","0.67, 0.33"
"trailer_def.scs.box.hct_3_2s_4.curtain","90000","14120","0","14120","28.6","9","174","curtainside","hct","finland, sweden","0.45, 0.1, 0.45"
"trailer_def.scs.box.hct_3_2s_4.dryvan","90000","14120","3000","17120","28.6","9","174","dryvan","hct","finland, sweden","0.45, 0.1, 0.45"
"trailer_def.scs.box.hct_3_2s_4.dryvan_m","90000","14120","3600","17720","28.6","9","174","dryvan","hct","finland, sweden","0.45, 0.1, 0.45"
"trailer_def.scs.box.hct_3_2s_4.dryvan_s","90000","14120","3000","17120","28.6","9","174","dryvan","hct","finland, sweden","0.45, 0.1, 0.45"
"trailer_def.scs.box.hct_3_2s_4.insulated","90000","14120","3000","17120","28.6","9","174","insulated","hct","finland, sweden","0.45, 0.1, 0.45"
"trailer_def.scs.box.hct_3_2s_4.insulated_s","90000","14120","3000","17120","28.6","9","174","insulated","hct","finland, sweden","0.45, 0.1, 0.45"
"trailer_def.scs.box.hct_3_2s_4.reefer","90000","14120","4400","18520","28.6","9","174","refrigerated","hct","finland, sweden","0.45, 0.1, 0.45"
"trailer_def.scs.box.hct_3_2s_4.reefer_s","90000","14120","4400","18520","28.6","9","174","refrigerated","hct","finland, sweden","0.45, 0.1, 0.45"
"trailer_def.scs.box.hct_3_2_3.curtain","84000","13820","0","13820","28.6","8","174","curtainside","hct","finland, sweden","0.45, 0.1, 0.45"
"trailer_def.scs.box.hct_3_2_3.dryvan","84000","13820","3000","16820","28.6","8","174","dryvan","hct","finland, sweden","0.45, 0.1, 0.45"
"trailer_def.scs.box.hct_3_2_3.dryvan_m","84000","13820","3600","17420","28.6","8","174","dryvan","hct","finland, sweden","0.45, 0.1, 0.45"
"trailer_def.scs.box.hct_3_2_3.dryvan_s","84000","13820","3000","16820","28.6","8","174","dryvan","hct","finland, sweden","0.45, 0.1, 0.45"
"trailer_def.scs.box.hct_3_2_3.insulated","84000","13820","3000","16820","28.6","8","174","insulated","hct","finland, sweden","0.45, 0.1, 0.45"
"trailer_def.scs.box.hct_3_2_3.insulated_s","84000","13820","3000","16820","28.6","8","174","insulated","hct","finland, sweden","0.45, 0.1, 0.45"
"trailer_def.scs.box.hct_3_2_3.reefer","84000","13820","4400","18220","28.6","8","174","refrigerated","hct","finland, sweden","0.45, 0.1, 0.45"
"trailer_def.scs.box.hct_3_2_3.reefer_s","84000","13820","4400","18220","28.6","8","174","refrigerated","hct","finland, sweden","0.45, 0.1, 0.45"
"trailer_def.scs.box.hct_4_2s_4.curtain","96000","14420","0","14420","28.6","10","174","curtainside","hct","finland, sweden","0.45, 0.1, 0.45"
"trailer_def.scs.box.hct_4_2s_4.dryvan","96000","14420","3000","17420","28.6","10","174","dryvan","hct","finland, sweden","0.45, 0.1, 0.45"
"trailer_def.scs.box.hct_4_2s_4.dryvan_m","96000","14420","3600","18020","28.6","10","174","dryvan","hct","finland, sweden","0.45, 0.1, 0.45"
"trailer_def.scs.box.hct_4_2s_4.dryvan_s","96000","14420","3000","17420","28.6","10","174","dryvan","hct","finland, sweden","0.45, 0.1, 0.45"
"trailer_def.scs.box.hct_4_2s_4.insulated","96000","14420","3000","17420","28.6","10","174","insulated","hct","finland, sweden","0.45, 0.1, 0.45"
"trailer_def.scs.box.hct_4_2s_4.insulated_s","96000","14420","3000","17420","28.6","10","174","insulated","hct","finland, sweden","0.45, 0.1, 0.45"
"trailer_def.scs.box.hct_4_2s_4.reefer","96000","14420","4400","18820","28.6","10","174","refrigerated","hct","finland, sweden","0.45, 0.1, 0.45"
"trailer_def.scs.box.hct_4_2s_4.reefer_s","96000","14420","4400","18820","28.6","10","174","refrigerated","hct","finland, sweden","0.45, 0.1, 0.45"
"trailer_def.scs.box.hct_4_2_3.curtain","90000","14120","0","14120","28.6","9","174","curtainside","hct","finland, sweden","0.45, 0.1, 0.45"
"trailer_def.scs.box.hct_4_2_3.dryvan","90000","14120","3000","17120","28.6","9","174","dryvan","hct","finland, sweden","0.45, 0.1, 0.45"
"trailer_def.scs.box.hct_4_2_3.dryvan_m","90000","14120","3600","17720","28.6","9","174","dryvan","hct","finland, sweden","0.45, 0.1, 0.45"
"trailer_def.scs.box.hct_4_2_3.dryvan_s","90000","14120","3000","17120","28.6","9","174","dryvan","hct","finland, sweden","0.45, 0.1, 0.45"
"trailer_def.scs.box.hct_4_2_3.insulated","90000","14120","3000","17120","28.6","9","174","insulated","hct","finland, sweden","0.45, 0.1, 0.45"
"trailer_def.scs.box.hct_4_2_3.insulated_s","90000","14120","3000","17120","28.6","9","174","insulated","hct","finland, sweden","0.45, 0.1, 0.45"
"trailer_def.scs.box.hct_4_2_3.reefer","90000","14120","4400","18520","28.6","9","174","refrigerated","hct","finland, sweden","0.45, 0.1, 0.45"
"trailer_def.scs.box.hct_4_2_3.reefer_s","90000","14120","4400","18520","28.6","9","174","refrigerated","hct","finland, sweden","0.45, 0.1, 0.45"
"trailer_def.scs.box.single_1.curtain","20000","4160","0","4160","7.9","1","50","curtainside","single","","1"
"trailer_def.scs.box.single_1.dryvan","20000","4160","750","4910","7.9","1","50","dryvan","single","","1"
"trailer_def.scs.box.single_1.dryvan_m","20000","4160","900","5060","7.9","1","50","dryvan","single","","1"
"trailer_def.scs.box.single_1.dryvan_s","20000","4160","750","4910","7.9","1","50","dryvan","single","","1"
"trailer_def.scs.box.single_1.insulated","20000","4160","750","4910","7.9","1","50","insulated","single","","1"
"trailer_def.scs.box.single_1.insulated_s","20000","4160","750","4910","7.9","1","50","insulated","single","","1"
"trailer_def.scs.box.single_1.reefer","20000","4160","1100","5260","7.9","1","50","refrigerated","single","","1"
"trailer_def.scs.box.single_1.reefer_s","20000","4160","1100","5260","7.9","1","50","refrigerated","single","","1"
"trailer_def.scs.box.single_2.curtain","29000","5860","0","5860","13.7","2","87","curtainside","single","","1"
"trailer_def.scs.box.single_2.dryvan","29000","5860","1500","7360","13.7","2","87","dryvan","single","","1"
"trailer_def.scs.box.single_2.dryvan_m","29000","5860","1800","7660","13.7","2","87","dryvan","single","","1"
"trailer_def.scs.box.single_2.dryvan_s","29000","5860","1500","7360","13.7","2","87","dryvan","single","","1"
"trailer_def.scs.box.single_2.insulated","29000","5860","1500","7360","13.7","2","87","insulated","single","","1"
"trailer_def.scs.box.single_2.insulated_s","29000","5860","1500","7360","13.7","2","87","insulated","single","","1"
"trailer_def.scs.box.single_2.reefer","29000","5860","2200","8060","13.7","2","87","refrigerated","single","","1"
"trailer_def.scs.box.single_2.reefer_m","29000","5860","2500","8360","13.7","2","87","refrigerated","single","","1"
"trailer_def.scs.box.single_2.reefer_s","29000","5860","2200","8060","13.7","2","87","refrigerated","single","","1"
"trailer_def.scs.box.single_2a.curtain","29000","5860","0","5860","13.7","2","87","curtainside","single","","1"
"trailer_def.scs.box.single_2a.dryvan","29000","5860","1500","7360","13.7","2","87","dryvan","single","","1"
"trailer_def.scs.box.single_2a.dryvan_m","29000","5860","1800","7660","13.7","2","87","dryvan","single","","1"
"trailer_def.scs.box.single_2a.dryvan_s","29000","5860","1500","7360","13.7","2","87","dryvan","single","","1"

"trailer_def.scs.box.single_2a.insulated","29000","5860","1500","7360","13.7","2","87","insulated","single","","1"
"trailer_def.scs.box.single_2a.insulated_s","29000","5860","1500","7360","13.7","2","87","insulated","single","","1"
"trailer_def.scs.box.single_2a.reefer","29000","5860","2200","8060","13.7","2","87","refrigerated","single","","1"
"trailer_def.scs.box.single_2a.reefer_m","29000","5860","2500","8360","13.7","2","87","refrigerated","single","","1"
"trailer_def.scs.box.single_2a.reefer_s","29000","5860","2200","8060","13.7","2","87","refrigerated","single","","1"
"trailer_def.scs.box.single_3.curtain","35000","6160","0","6160","13.7","3","87","curtainside","single","","1"
"trailer_def.scs.box.single_3.dryvan","35000","6160","1500","7660","13.7","3","87","dryvan","single","","1"
"trailer_def.scs.box.single_3.dryvan_m","35000","6160","1800","7960","13.7","3","87","dryvan","single","","1"
"trailer_def.scs.box.single_3.dryvan_s","35000","6160","1500","7660","13.7","3","87","dryvan","single","","1"
"trailer_def.scs.box.single_3.insulated","35000","6160","1500","7660","13.7","3","87","insulated","single","","1"
"trailer_def.scs.box.single_3.insulated_s","35000","6160","1500","7660","13.7","3","87","insulated","single","","1"
"trailer_def.scs.box.single_3.reefer","35000","6160","2200","8360","13.7","3","87","refrigerated","single","","1"
"trailer_def.scs.box.single_3.reefer_m","35000","6160","2500","8660","13.7","3","87","refrigerated","single","","1"
"trailer_def.scs.box.single_3.reefer_s","35000","6160","2200","8360","13.7","3","87","refrigerated","single","","1"
"trailer_def.scs.box.single_3s.curtain","35000","6160","0","6160","13.7","3","87","curtainside","single","","1"
"trailer_def.scs.box.single_3s.dryvan","35000","6160","1500","7660","13.7","3","87","dryvan","single","","1"
"trailer_def.scs.box.single_3s.dryvan_m","35000","6160","1800","7960","13.7","3","87","dryvan","single","","1"
"trailer_def.scs.box.single_3s.dryvan_s","35000","6160","1500","7660","13.7","3","87","dryvan","single","","1"
"trailer_def.scs.box.single_3s.insulated","35000","6160","1500","7660","13.7","3","87","insulated","single","","1"
"trailer_def.scs.box.single_3s.insulated_s","35000","6160","1500","7660","13.7","3","87","insulated","single","","1"
"trailer_def.scs.box.single_3s.reefer","35000","6160","2200","8360","13.7","3","87","refrigerated","single","","1"
"trailer_def.scs.box.single_3s.reefer_m","35000","6160","2500","8660","13.7","3","87","refrigerated","single","","1"
"trailer_def.scs.box.single_3s.reefer_s","35000","6160","2200","8360","13.7","3","87","refrigerated","single","","1"
"trailer_def.scs.box.single_3s2.curtain","35000","6160","0","6160","13.7","3","87","curtainside","single","","1"
"trailer_def.scs.box.single_3s2.dryvan","35000","6160","1500","7660","13.7","3","87","dryvan","single","","1"
"trailer_def.scs.box.single_3s2.dryvan_m","35000","6160","1800","7960","13.7","3","87","dryvan","single","","1"
"trailer_def.scs.box.single_3s2.dryvan_s","35000","6160","1500","7660","13.7","3","87","dryvan","single","","1"
"trailer_def.scs.box.single_3s2.insulated","35000","6160","1500","7660","13.7","3","87","insulated","single","","1"
"trailer_def.scs.box.single_3s2.insulated_s","35000","6160","1500","7660","13.7","3","87","insulated","single","","1"
"trailer_def.scs.box.single_3s2.reefer","35000","6160","2200","8360","13.7","3","87","refrigerated","single","","1"
"trailer_def.scs.box.single_3s2.reefer_m","35000","6160","2500","8660","13.7","3","87","refrigerated","single","","1"
"trailer_def.scs.box.single_3s2.reefer_s","35000","6160","2200","8360","13.7","3","87","refrigerated","single","","1"
"trailer_def.scs.box.single_3sa.curtain","35000","6160","0","6160","13.7","3","87","curtainside","single","","1"
"trailer_def.scs.box.single_3sa.dryvan","35000","6160","1500","7660","13.7","3","87","dryvan","single","","1"
"trailer_def.scs.box.single_3sa.dryvan_m","35000","6160","1800","7960","13.7","3","87","dryvan","single","","1"
"trailer_def.scs.box.single_3sa.dryvan_s","35000","6160","1500","7660","13.7","3","87","dryvan","single","","1"
"trailer_def.scs.box.single_3sa.insulated","35000","6160","1500","7660","13.7","3","87","insulated","single","","1"
"trailer_def.scs.box.single_3sa.insulated_s","35000","6160","1500","7660","13.7","3","87","insulated","single","","1"
"trailer_def.scs.box.single_3sa.reefer","35000","6160","2200","8360","13.7","3","87","refrigerated","single","","1"
"trailer_def.scs.box.single_3sa.reefer_m","35000","6160","2500","8660","13.7","3","87","refrigerated","single","","1"
"trailer_def.scs.box.single_3sa.reefer_s","35000","6160","2200","8360","13.7","3","87","refrigerated","single","","1"
"trailer_def.scs.box.single_4.curtain","39000","6460","0","6460","13.7","4","87","curtainside","single","","1"
"trailer_def.scs.box.single_4.dryvan","39000","6460","1500","7960","13.7","4","87","dryvan","single","","1"
"trailer_def.scs.box.single_4.dryvan_m","39000","6460","1800","8260","13.7","4","87","dryvan","single","","1"
"trailer_def.scs.box.single_4.dryvan_s","39000","6460","1500","7960","13.7","4","87","dryvan","single","","1"
"trailer_def.scs.box.single_4.insulated","39000","6460","1500","7960","13.7","4","87","insulated","single","","1"
"trailer_def.scs.box.single_4.insulated_s","39000","6460","1500","7960","13.7","4","87","insulated","single","","1"
"trailer_def.scs.box.single_4.reefer","39000","6460","2200","8660","13.7","4","87","refrigerated","single","","1"
"trailer_def.scs.box.single_4.reefer_m","39000","6460","2500","8960","13.7","4","87","refrigerated","single","","1"
"trailer_def.scs.box.single_4.reefer_s","39000","6460","2200","8660","13.7","4","87","refrigerated","single","","1"
"trailer_def.scs.chemtank.single_2.chrome","29000","5920","0","5920","9.4","2","24","chemtank","single","","1"
"trailer_def.scs.chemtank.single_2.paint","29000","5920","0","5920","9.4","2","24","chemtank","single","","1"
"trailer_def.scs.chemtank.single_3.chrome","35000","6190","0","6190","10.5","3","30","chemtank","single","","1"
"trailer_def.scs.chemtank.single_3.paint","35000","6190","0","6190","10.5","3","30","chemtank","single","","1"
"trailer_def.scs.dumper.single_2.alu","29000","6400","0","6400","9.1","2","27","dumper","single","","1"
"trailer_def.scs.dumper.single_2.steel","29000","6400","0","6400","9.1","2","27","dumper","single","","1"
"trailer_def.scs.dumper.single_3.alu","35000","6650","0","6650","9.1","3","27","dumper","single","","1"
"trailer_def.scs.dumper.single_3.steel","35000","6650","0","6650","9.1","3","27","dumper","single","","1"
"trailer_def.scs.dumper.single_3_10.alu","35000","6900","0","6900","11.85","3","40","dumper","single","","1"
"trailer_def.scs.dumper.single_3_10.steel","35000","6900","0","6900","11.85","3","40","dumper","single","","1"
"trailer_def.scs.flatbed.double_3_1.brick","45000","10230","500","10730","22.7","4","137","flatbed_brck","double","denmark, finland, germany, netherlands, norway, portugal, spain, sweden","0.67, 0.33"
"trailer_def.scs.flatbed.double_3_1.brick_crane","45000","10230","1500","11730","22.7","4","130","flatbed_brck","double","denmark, finland, germany, netherlands, norway, portugal, spain, sweden","0.67, 0.33"
"trailer_def.scs.flatbed.double_3_1.container","45000","10230","350","10580","22.7","4","120","container","double","denmark, finland, germany, netherlands, norway, portugal, spain, sweden","0.67, 0.33"
"trailer_def.scs.flatbed.double_3_1.flatbed_s","45000","10230","200","10430","22.7","4","137","flatbed","double","denmark, finland, germany, netherlands, norway, portugal, spain, sweden","0.67, 0.33"
"trailer_def.scs.flatbed.double_3_1.flatbed_w","45000","10230","0","10230","22.7","4","137","flatbed","double","denmark, finland, germany, netherlands, norway, portugal, spain, sweden","0.67, 0.33"
"trailer_def.scs.flatbed.double_3_2.brick","55000","10530","500","11030","22.7","5","137","flatbed_brck","double","denmark, finland, germany, netherlands, norway, portugal, spain, sweden","0.67, 0.33"
"trailer_def.scs.flatbed.double_3_2.brick_crane","55000","10530","1500","12030","22.7","5","130","flatbed_brck","double","denmark, finland, germany, netherlands, norway, portugal, spain, sweden","0.67, 0.33"
"trailer_def.scs.flatbed.double_3_2.container","55000","10530","350","10880","22.7","5","120","container","double","denmark, finland, germany, netherlands, norway, portugal, spain, sweden","0.67, 0.33"
"trailer_def.scs.flatbed.double_3_2.flatbed_s","55000","10530","200","10730","22.7","5","137","flatbed","double","denmark, finland, germany, netherlands, norway, portugal, spain, sweden","0.67, 0.33"
"trailer_def.scs.flatbed.double_3_2.flatbed_w","55000","10530","0","10530","22.7","5","137","flatbed","double","denmark, finland, germany, netherlands, norway, portugal, spain, sweden","0.67, 0.33"
"trailer_def.scs.flatbed.double_3_2a.brick","55000","10530","500","11030","22.7","5","137","flatbed_brck","double","denmark, finland, germany, netherlands, norway, portugal, spain, sweden","0.67, 0.33"
"trailer_def.scs.flatbed.double_3_2a.brick_crane","55000","10530","1500","12030","22.7","5","130","flatbed_brck","double","denmark, finland, germany, netherlands, norway, portugal, spain, sweden","0.67, 0.33"
"trailer_def.scs.flatbed.double_3_2a.container","55000","10530","350","10880","22.7","5","120","container","double","denmark, finland, germany, netherlands, norway, portugal, spain, sweden","0.67, 0.33"
"trailer_def.scs.flatbed.double_3_2a.flatbed_s","55000","10530","200","10730","22.7","5","137","flatbed","double","denmark, finland, germany, netherlands, norway, portugal, spain, sweden","0.67, 0.33"
"trailer_def.scs.flatbed.double_3_2a.flatbed_w","55000","10530","0","10530","22.7","5","137","flatbed","double","denmark, finland, germany, netherlands, norway, portugal, spain, sweden","0.67, 0.33"
"trailer_def.scs.flatbed.double_3_3.brick","63000","10730","500","11230","22.7","6","137","flatbed_brck","double","denmark, finland, germany, netherlands, norway, portugal, spain, sweden","0.67, 0.33"
"trailer_def.scs.flatbed.double_3_3.brick_crane","63000","10730","1500","12230","22.7","6","130","flatbed_brck","double","denmark, finland, germany, netherlands, norway, portugal, spain, sweden","0.67, 0.33"
"trailer_def.scs.flatbed.double_3_3.container","63000","10730","350","11080","22.7","6","120","container","double","denmark, finland, germany, netherlands, norway, portugal, spain, sweden","0.67, 0.33"
"trailer_def.scs.flatbed.double_3_3.flatbed_s","63000","10730","200","10930","22.7","6","137","flatbed","double","denmark, finland, germany, netherlands, norway, portugal, spain, sweden","0.67, 0.33"
"trailer_def.scs.flatbed.double_3_3.flatbed_w","63000","10730","0","10730","22.7","6","137","flatbed","double","denmark, finland, germany, netherlands, norway, portugal, spain, sweden","0.67, 0.33"
"trailer_def.scs.flatbed.hct_3_2s_4.brick","90000","13050","600","13650","28.6","9","174","flatbed_brck","hct","finland, sweden","0.45, 0.1, 0.45"
"trailer_def.scs.flatbed.hct_3_2s_4.brick_crane","90000","13050","1600","14650","28.6","9","167","flatbed_brck","hct","finland, sweden","0.45, 0.1, 0.45"
"trailer_def.scs.flatbed.hct_3_2s_4.container","90000","13050","400","13450","28.6","9","160","container","hct","finland, sweden","0.45, 0.1, 0.45"
"trailer_def.scs.flatbed.hct_3_2s_4.flatbed_s","90000","13050","200","13250","28.6","9","174","flatbed","hct","finland, sweden","0.45, 0.1, 0.45"
"trailer_def.scs.flatbed.hct_3_2s_4.flatbed_w","90000","13050","0","13050","28.6","9","174","flatbed","hct","finland, sweden","0.45, 0.1, 0.45"
"trailer_def.scs.flatbed.hct_3_2_3.brick","84000","12700","600","13300","28.6","8","174","flatbed_brck","hct","finland, sweden","0.45, 0.1, 0.45"
"trailer_def.scs.flatbed.hct_3_2_3.brick_crane","84000","12700","1600","14300","28.6","8","167","flatbed_brck","hct","finland, sweden","0.45, 0.1, 0.45"
"trailer_def.scs.flatbed.hct_3_2_3.container","84000","12700","400","13100","28.6","8","160","container","hct","finland, sweden","0.45, 0.1, 0.45"
"trailer_def.scs.flatbed.hct_3_2_3.flatbed_s","84000","12700","200","12900","28.6","8","174","flatbed","hct","finland, sweden","0.45, 0.1, 0.45"
"trailer_def.scs.flatbed.hct_3_2_3.flatbed_w","84000","12700","0","12700","28.6","8","174","flatbed","hct","finland, sweden","0.45, 0.1, 0.45"
"trailer_def.scs.flatbed.hct_4_2s_4.brick","96000","13400","600","14000","28.6","10","174","flatbed_brck","hct","finland, sweden","0.45, 0.1, 0.45"
"trailer_def.scs.flatbed.hct_4_2s_4.brick_crane","96000","13400","1600","15000","28.6","10","167","flatbed_brck","hct","finland, sweden","0.45, 0.1, 0.45"
"trailer_def.scs.flatbed.hct_4_2s_4.container","96000","13400","400","13800","28.6","10","160","container","hct","finland, sweden","0.45, 0.1, 0.45"
"trailer_def.scs.flatbed.hct_4_2s_4.flatbed_s","96000","13400","200","13600","28.6","10","174","flatbed","hct","finland, sweden","0.45, 0.1, 0.45"
"trailer_def.scs.flatbed.hct_4_2s_4.flatbed_w","96000","13400","0","13400","28.6","10","174","flatbed","hct","finland, sweden","0.45, 0.1, 0.45"
"trailer_def.scs.flatbed.hct_4_2_3.brick","90000","13050","600","13650","28.6","9","174","flatbed_brck","hct","finland, sweden","0.45, 0.1, 0.45"
"trailer_def.scs.flatbed.hct_4_2_3.brick_crane","90000","13050","1600","14650","28.6","9","167","flatbed_brck","hct","finland, sweden","0.45, 0.1, 0.45"
"trailer_def.scs.flatbed.hct_4_2_3.container","90000","13050","400","13450","28.6","9","160","container","hct","finland, sweden","0.45, 0.1, 0.45"
"trailer_def.scs.flatbed.hct_4_2_3.flatbed_s","90000","13050","200","13250","28.6","9","174","flatbed","hct","finland, sweden","0.45, 0.1, 0.45"
"trailer_def.scs.flatbed.hct_4_2_3.flatbed_w","90000","13050","0","13050","28.6","9","174","flatbed","hct","finland, sweden","0.45, 0.1, 0.45"
"trailer_def.scs.flatbed.single_2.brick","29000","5300","300","5600","13.7","2","87","flatbed_brck","single","","1"
"trailer_def.scs.flatbed.single_2.brick_crane","29000","5300","1300","6600","13.7","2","80","flatbed_brck","single","","1"
"trailer_def.scs.flatbed.single_2.container","29000","5300","200","5500","13.7","2","80","container","single","","1"
"trailer_def.scs.flatbed.single_2.flatbed_s","29000","5300","100","5400","13.7","2","87","flatbed","single","","1"
"trailer_def.scs.flatbed.single_2.flatbed_w","29000","5300","0","5300","13.7","2","87","flatbed","single","","1"
"trailer_def.scs.flatbed.single_2a.brick","29000","5300","300","5600","13.7","2","87","flatbed_brck","single","","1"
"trailer_def.scs.flatbed.single_2a.brick_crane","29000","5300","1300","6600","13.7","2","80","flatbed_brck","single","","1"
"trailer_def.scs.flatbed.single_2a.container","29000","5300","200","5500","13.7","2","80","container","single","","1"
"trailer_def.scs.flatbed.single_2a.flatbed_s","29000","5300","100","5400","13.7","2","87","flatbed","single","","1"
"trailer_def.scs.flatbed.single_2a.flatbed_w","29000","5300","0","5300","13.7","2","87","flatbed","single","","1"
"trailer_def.scs.flatbed.single_3.brick","35000","5600","300","5900","13.7","3","87","flatbed_brck","single","","1"
"trailer_def.scs.flatbed.single_3.brick_crane","35000","5600","1300","6900","13.7","3","80","flatbed_brck","single","","1"
"trailer_def.scs.flatbed.single_3.container","35000","5600","200","5800","13.7","3","80","container","single","","1"
"trailer_def.scs.flatbed.single_3.flatbed_s","35000","5600","100","5700","13.7","3","87","flatbed","single","","1"
"trailer_def.scs.flatbed.single_3.flatbed_w","35000","5600","0","5600","13.7","3","87","flatbed","single","","1"
"trailer_def.scs.flatbed.single_3s.brick","35000","5600","300","5900","13.7","3","87","flatbed_brck","single","","1"
"trailer_def.scs.flatbed.single_3s.brick_crane","35000","5600","1300","6900","13.7","3","80","flatbed_brck","single","","1"
"trailer_def.scs.flatbed.single_3s.container","35000","5600","200","5800","13.7","3","80","container","single","","1"
"trailer_def.scs.flatbed.single_3s.flatbed_s","35000","5600","100","5700","13.7","3","87","flatbed","single","","1"
"trailer_def.scs.flatbed.single_3s.flatbed_w","35000","5600","0","5600","13.7","3","87","flatbed","single","","1"
"trailer_def.scs.flatbed.single_3s2.brick","35000","5600","300","5900","13.7","3","87","flatbed_brck","single","","1"
"trailer_def.scs.flatbed.single_3s2.brick_crane","35000","5600","1300","6900","13.7","3","80","flatbed_brck","single","","1"
"trailer_def.scs.flatbed.single_3s2.container","35000","5600","200","5800","13.7","3","80","container","single","","1"
"trailer_def.scs.flatbed.single_3s2.flatbed_s","35000","5600","100","5700","13.7","3","87","flatbed","single","","1"
"trailer_def.scs.flatbed.single_3s2.flatbed_w","35000","5600","0","5600","13.7","3","87","flatbed","single","","1"
"trailer_def.scs.flatbed.single_3sa.brick","35000","5600","300","5900","13.7","3","87","flatbed_brck","single","","1"
"trailer_def.scs.flatbed.single_3sa.brick_crane","35000","5600","1300","6900","13.7","3","80","flatbed_brck","single","","1"
"trailer_def.scs.flatbed.single_3sa.container","35000","5600","200","5800","13.7","3","80","container","single","","1"
"trailer_def.scs.flatbed.single_3sa.flatbed_s","35000","5600","100","5700","13.7","3","87","flatbed","single","","1"
"trailer_def.scs.flatbed.single_3sa.flatbed_w","35000","5600","0","5600","13.7","3","87","flatbed","single","","1"
"trailer_def.scs.flatbed.single_4.brick","39000","5950","300","6250","13.7","4","87","flatbed_brck","single","","1"
"trailer_def.scs.flatbed.single_4.brick_crane","39000","5950","1300","7250","13.7","4","80","flatbed_brck","single","","1"
"trailer_def.scs.flatbed.single_4.container","39000","5950","200","6150","13.7","4","80","container","single","","1"
"trailer_def.scs.flatbed.single_4.flatbed_s","39000","5950","100","6050","13.7","4","87","flatbed","single","","1"
"trailer_def.scs.flatbed.single_4.flatbed_w","39000","5950","0","5950","13.7","4","87","flatbed","single","","1"
"trailer_def.scs.foodtank.single_2.chrome","29000","5920","0","5920","9.4","2","24","foodtank","single","","1"
"trailer_def.scs.foodtank.single_2.paint","29000","5920","0","5920","9.4","2","24","foodtank","single","","1"
"trailer_def.scs.foodtank.single_3.chrome","35000","6190","0","6190","10.5","3","30","foodtank","single","","1"
"trailer_def.scs.foodtank.single_3.paint","35000","6190","0","6190","10.5","3","30","foodtank","single","","1"
"trailer_def.scs.fueltank.single_2.fueltank","29000","5920","0","5920","9.8","2","24","fueltank","single","","1"
"trailer_def.scs.fueltank.single_3.fueltank","35000","6190","0","6190","11.1","3","30","fueltank","single","","1"
"trailer_def.scs.gastank.single_2.gastank","29000","6400","0","6400","9.8","2","27","gastank","single","","1"
"trailer_def.scs.gastank.single_3.gastank","35000","6650","0","6650","11.1","3","40","gastank","single","","1"
"trailer_def.scs.gooseneck.bdouble_2_2.container","53000","6200","0","6200","22.7","4","80","container","b_double","denmark, finland, germany, netherlands, norway, portugal, spain, sweden","0.5, 0.5"
"trailer_def.scs.gooseneck.bdouble_3_3.container","63000","8500","0","8500","22.7","6","120","container","b_double","denmark, finland, germany, netherlands, norway, portugal, spain, sweden","0.34, 0.66"
"trailer_def.scs.gooseneck.double_3_2.container","55000","8400","0","8400","21.9","5","120","container","double","denmark, finland, germany, netherlands, norway, portugal, spain, sweden","0.66, 0.34"
"trailer_def.scs.gooseneck.double_3_3.container","63000","8600","0","8600","21.9","6","120","container","double","denmark, finland, germany, netherlands, norway, portugal, spain, sweden","0.66, 0.34"
"trailer_def.scs.gooseneck.hct_3_2s_3.container","84000","10500","0","10500","28.2","8","160","container","hct","finland, sweden","0.45, 0.1, 0.45"
"trailer_def.scs.gooseneck.hct_3_2_3.container","84000","10500","0","10500","27.9","8","160","container","hct","finland, sweden","0.45, 0.1, 0.45"
"trailer_def.scs.gooseneck.single_2_20.container","29000","2800","0","2800","7.4","2","40","container","single","","1"
"trailer_def.scs.gooseneck.single_3_20.container","35000","3400","0","3400","8.8","3","40","container","single","","1"
"trailer_def.scs.gooseneck.single_3_40.container","35000","4500","0","4500","12.4","3","80","container","single","","1"
"trailer_def.scs.gooseneck.singl_3e_20.container","35000","5100","0","5100","9.4","3","40","container","single","","1"
"trailer_def.scs.gooseneck.singl_3e_220.container","35000","5100","0","5100","12.4","3","80","container","single","","1"
"trailer_def.scs.gooseneck.singl_3e_40.container","35000","5100","0","5100","12.4","3","80","container","single","","1"
"trailer_def.scs.gooseneck.singl_3f_220.container","35000","4900","0","4900","12.4","3","80","container","single","","1"
"trailer_def.scs.gooseneck.singl_3f_40.container","35000","4900","0","4900","12.4","3","80","container","single","","1"
"trailer_def.scs.livestock.single_3b.belly_pnt","35000","6650","0","6650","13.7","3","97","livestock","single","","1"
"trailer_def.scs.livestock.single_3b.belly_stl","35000","6650","0","6650","13.7","3","97","livestock","single","","1"
"trailer_def.scs.livestock.single_3s.str_pnt","35000","6650","0","6650","13.7","3","87","livestock","single","","1"
"trailer_def.scs.livestock.single_3s.str_stl","35000","6650","0","6650","13.7","3","87","livestock","single","","1"
"trailer_def.scs.log.bdouble_3_3.steel","65000","11760","600","12360","22.7","6","140","log","b_double","denmark, finland, germany, netherlands, norway, portugal, spain, sweden","0.33, 0.67"
"trailer_def.scs.log.bdouble_3_3.wood","65000","11760","600","12360","22.7","6","140","log","b_double","denmark, finland, germany, netherlands, norway, portugal, spain, sweden","0.33, 0.67"
"trailer_def.scs.log.bdouble_3_3s.steel","65000","11760","600","12360","22.7","6","140","log","b_double","denmark, finland, germany, netherlands, norway, portugal, spain, sweden","0.33, 0.67"
"trailer_def.scs.log.bdouble_3_3s.wood","65000","11760","600","12360","22.7","6","140","log","b_double","denmark, finland, germany, netherlands, norway, portugal, spain, sweden","0.33, 0.67"
"trailer_def.scs.log.hct_3_2s_4.steel","90000","13050","600","13650","28.6","9","174","log","hct","finland, sweden","0.45, 0.1, 0.45"
"trailer_def.scs.log.hct_3_2s_4.wood","90000","13050","600","13650","28.6","9","174","log","hct","finland, sweden","0.45, 0.1, 0.45"
"trailer_def.scs.log.hct_3_2_3.steel","84000","12700","600","13300","28.6","8","174","log","hct","finland, sweden","0.45, 0.1, 0.45"
"trailer_def.scs.log.hct_3_2_3.wood","84000","12700","600","13300","28.6","8","174","log","hct","finland, sweden","0.45, 0.1, 0.45"
"trailer_def.scs.log.hct_4_2s_4.steel","96000","13400","600","14000","28.6","10","174","log","hct","finland, sweden","0.45, 0.1, 0.45"
"trailer_def.scs.log.hct_4_2s_4.wood","96000","13400","600","14000","28.6","10","174","log","hct","finland, sweden","0.45, 0.1, 0.45"
"trailer_def.scs.log.hct_4_2_3.steel","90000","13050","600","13650","28.6","9","174","log","hct","finland, sweden","0.45, 0.1, 0.45"
"trailer_def.scs.log.hct_4_2_3.wood","90000","13050","600","13650","28.6","9","174","log","hct","finland, sweden","0.45, 0.1, 0.45"
"trailer_def.scs.log.single_3.steel","35000","5600","300","5900","13.7","3","87","log","single","","1"
"trailer_def.scs.log.single_3.wood","35000","5600","300","5900","13.7","3","87","log","single","","1"
"trailer_def.scs.log.single_3s2.steel","35000","5600","300","5900","13.7","3","87","log","single","","1"
"trailer_def.scs.log.single_3s2.wood","35000","5600","300","5900","13.7","3","87","log","single","","1"
"trailer_def.scs.log.single_3sa.steel","35000","5600","300","5900","13.7","3","87","log","single","","1"
"trailer_def.scs.log.single_3sa.wood","35000","5600","300","5900","13.7","3","87","log","single","","1"
"trailer_def.scs.log.single_4.steel","39000","5950","300","6250","13.7","4","87","log","single","","1"
"trailer_def.scs.log.single_4.wood","39000","5950","300","6250","13.7","4","87","log","single","","1"
"trailer_def.scs.lowbed.single_2s.short","33000","7700","0","7700","13.4","2","72","lowbed","single","","1"
"trailer_def.scs.lowbed.single_3.short","39000","9500","0","9500","13.4","3","72","lowbed","single","","1"
"trailer_def.scs.lowbed.single_3s.short","39000","9500","0","9500","13.4","3","72","lowbed","single","","1"
"trailer_def.scs.lowbed.single_41_ln.long","79000","15000","0","15000","16.4","5","96","lowbed","single","","1"
"trailer_def.scs.lowbed.single_41_sh.short","79000","15000","0","15000","13.4","5","72","lowbed","single","","1"
"trailer_def.scs.lowbed.single_4_ln.long","59000","13500","0","13500","16.4","4","96","lowbed","single","","1"
"trailer_def.scs.lowbed.single_4_sh.short","59000","13500","0","13500","13.4","4","72","lowbed","single","","1"
"trailer_def.scs.lowbed.single_5_ln.long","79000","15000","0","15000","16.4","5","96","lowbed","single","","1"
"trailer_def.scs.lowbed.single_5_sh.short","79000","15000","0","15000","13.4","5","72","lowbed","single","","1"
"trailer_def.scs.lowloader.single_2_ln.long","39000","12000","0","12000","17.6","2","95","lowboy","single","","1"
"trailer_def.scs.lowloader.single_2_sh.short","39000","12000","0","12000","13.7","2","60","lowboy","single","","1"
"trailer_def.scs.lowloader.single_3_1.short","79000","23000","0","23000","16.8","4","60","lowboy","single","","1"
"trailer_def.scs.lowloader.single_3_ln.long","59000","18000","0","18000","18.9","3","95","lowboy","single","","1"
"trailer_def.scs.lowloader.single_3_sh.short","59000","18000","0","18000","15","3","60","lowboy","single","","1"
"trailer_def.scs.lowloader.single_4_1.short","99000","30000","0","30000","18.1","5","60","lowboy","single","","1"
"trailer_def.scs.lowloader.single_4_ln.long","79000","24000","0","24000","20.2","4","95","lowboy","single","","1"
"trailer_def.scs.lowloader.single_4_sh.short","79000","24000","0","24000","16.3","4","60","lowboy","single","","1"
"trailer_def.scs.silo.bdouble_3_3.silo","66000","13220","0","13220","17.3","6","48","silo","b_double","denmark, finland, germany, netherlands, norway, portugal, spain, sweden","0.6, 0.4"
"trailer_def.scs.silo.double_3_2.silo","51000","12300","0","12300","14.7","5","39","silo","double","denmark, finland, germany, netherlands, norway, portugal, spain, sweden","0.6, 0.4"
"trailer_def.scs.silo.hct_3_3_2.silo","82000","18910","0","18910","23.8","8","63","silo","hct","finland, sweden","0.6, 0.4, 0"
"trailer_def.scs.silo.single_3_10.silo","35000","7660","0","7660","9.7","3","30","silo","single","","1"
"trailer_def.scs.silo.single_3_8.silo","32000","6610","0","6610","8.3","3","24","silo","single","","1"
